时间,设备,APP名称,APP包名,通知标题,通知内容
2026/9/7 11:20,iphone17,QQ,com.tencent.mqq,北京移动交流群【核心】,北京-8元畅享卡-有伊: 我等会发个视频
2026/9/7 11:20,iphone17,QQ,com.tencent.mqq,北京移动交流群【核心】,北京-8元卡-Brücke: 我也想退订
2026/9/7 11:20,iphone17,QQ,com.tencent.mqq,北京移动交流群【核心】,0元无极限: 北京移动，有0元月租呀
2026/9/7 11:20,iphone17,QQ,com.tencent.mqq,北京移动交流群【核心】,北京-8元畅享卡-有伊: 这TMD就是游戏加速器
2026/9/7 11:20,iphone17,QQ,com.tencent.mqq,北京移动交流群【核心】,0元无极限: 你不知道？
2026/9/7 11:21,iphone17,QQ,com.tencent.mqq,北京移动交流群【核心】,0元无极限: 而且是很正规的0元月租套餐呢
2026/9/7 11:21,iphone17,QQ,com.tencent.mqq,北京移动交流群【核心】,北移-8元保号-承欢: [图片]
2026/9/7 11:21,iphone17,QQ,com.tencent.mqq,北京移动交流群【核心】,北京-8元畅享卡-有伊: 正在上传
2026/9/7 11:21,iphone17,QQ,com.tencent.mqq,北京移动交流群【核心】,北移-8元保号-承欢: 这个成了
2026/9/7 11:21,iphone17,QQ,com.tencent.mqq,北京移动交流群【核心】,北移-8元保号-承欢: 应该是
2026/9/7 11:21,iphone17,QQ,com.tencent.mqq,北京移动交流群【核心】,0元无极限: 只不过我早年加开了0元无限量功能罢了
2026/9/7 11:21,iphone17,QQ,com.tencent.mqq,北京移动交流群【核心】,北京-8元畅享卡-有伊: 大家快去卡
2026/9/7 11:21,iphone17,QQ,com.tencent.mqq,北京移动交流群【核心】,北京-8元卡-Brücke:  @0元无极限 居然是正规的
2026/9/7 11:21,iphone17,QQ,com.tencent.mqq,北京移动交流群【核心】,0元无极限: 所以才成了0元无限量
